PRAGMA foreign_keys=OFF;
CREATE TABLE IF NOT EXISTS `django_migrations` (`id` integer NOT NULL PRIMARY KEY auto_increment, `app` varchar(255) NOT NULL, `name` varchar(255) NOT NULL, `applied` datetime NOT NULL);
INSERT INTO django_migrations VALUES(1,'contenttypes','0001_initial','2021-05-23 15:32:23.917577');
INSERT INTO django_migrations VALUES(2,'contenttypes','0002_remove_content_type_name','2021-05-23 15:32:23.937706');
INSERT INTO django_migrations VALUES(3,'auth','0001_initial','2021-05-23 15:32:23.953904');
INSERT INTO django_migrations VALUES(4,'auth','0002_alter_permission_name_max_length','2021-05-23 15:32:23.980532');
INSERT INTO django_migrations VALUES(5,'auth','0003_alter_user_email_max_length','2021-05-23 15:32:23.993770');
INSERT INTO django_migrations VALUES(6,'auth','0004_alter_user_username_opts','2021-05-23 15:32:24.001017');
INSERT INTO django_migrations VALUES(7,'auth','0005_alter_user_last_login_null','2021-05-23 15:32:24.009707');
INSERT INTO django_migrations VALUES(8,'auth','0006_require_contenttypes_0002','2021-05-23 15:32:24.016549');
INSERT INTO django_migrations VALUES(9,'auth','0007_alter_validators_add_error_messages','2021-05-23 15:32:24.025170');
INSERT INTO django_migrations VALUES(10,'auth','0008_alter_user_username_max_length','2021-05-23 15:32:24.033767');
INSERT INTO django_migrations VALUES(11,'auth','0009_alter_user_last_name_max_length','2021-05-23 15:32:24.042344');
INSERT INTO django_migrations VALUES(12,'auth','0010_alter_group_name_max_length','2021-05-23 15:32:24.051409');
INSERT INTO django_migrations VALUES(13,'auth','0011_update_proxy_permissions','2021-05-23 15:32:24.061451');
INSERT INTO django_migrations VALUES(14,'core','0001_initial','2021-05-23 15:32:24.237763');
INSERT INTO django_migrations VALUES(15,'admin','0001_initial','2021-05-23 15:32:24.267466');
INSERT INTO django_migrations VALUES(16,'admin','0002_logentry_remove_auto_add','2021-05-23 15:32:24.292195');
INSERT INTO django_migrations VALUES(17,'admin','0003_logentry_add_action_flag_choices','2021-05-23 15:32:24.315759');
INSERT INTO django_migrations VALUES(18,'sessions','0001_initial','2021-05-23 15:32:24.322180');
CREATE TABLE IF NOT EXISTS `django_content_type` (`id` integer NOT NULL PRIMARY KEY auto_increment, `app_label` varchar(100) NOT NULL, `model` varchar(100) NOT NULL);
INSERT INTO django_content_type VALUES(1,'admin','logentry');
INSERT INTO django_content_type VALUES(2,'auth','permission');
INSERT INTO django_content_type VALUES(3,'auth','group');
INSERT INTO django_content_type VALUES(4,'contenttypes','contenttype');
INSERT INTO django_content_type VALUES(5,'sessions','session');
INSERT INTO django_content_type VALUES(6,'core','user');
INSERT INTO django_content_type VALUES(7,'core','adminuser');
INSERT INTO django_content_type VALUES(8,'core','confirmstring');
INSERT INTO django_content_type VALUES(9,'core','keyword');
INSERT INTO django_content_type VALUES(10,'core','paper');
INSERT INTO django_content_type VALUES(11,'core','papmodel');
INSERT INTO django_content_type VALUES(12,'core','tag');
INSERT INTO django_content_type VALUES(13,'core','interpretation');
INSERT INTO django_content_type VALUES(14,'core','notation');
INSERT INTO django_content_type VALUES(15,'core','topic');
INSERT INTO django_content_type VALUES(16,'core','notification');
INSERT INTO django_content_type VALUES(17,'core','message');
INSERT INTO django_content_type VALUES(18,'core','image');
INSERT INTO django_content_type VALUES(19,'core','chatroom');
INSERT INTO django_content_type VALUES(20,'core','authrecord2');
INSERT INTO django_content_type VALUES(21,'core','authrecord');
INSERT INTO django_content_type VALUES(22,'core','updating');
INSERT INTO django_content_type VALUES(23,'core','comment');
CREATE TABLE IF NOT EXISTS `auth_group_permissions` (`id` integer NOT NULL PRIMARY KEY auto_increment, `group_id` integer NOT NULL REFERENCES `auth_group` (`id`) DEFERRABLE INITIALLY DEFERRED, `permission_id` integer NOT NULL REFERENCES `auth_permission` (`id`) DEFERRABLE INITIALLY DEFERRED);
CREATE TABLE IF NOT EXISTS `auth_permission` (`id` integer NOT NULL PRIMARY KEY auto_increment, `content_type_id` integer NOT NULL REFERENCES `django_content_type` (`id`) DEFERRABLE INITIALLY DEFERRED, `codename` varchar(100) NOT NULL, `name` varchar(255) NOT NULL);
INSERT INTO auth_permission VALUES(1,1,'add_logentry','Can add log entry');
INSERT INTO auth_permission VALUES(2,1,'change_logentry','Can change log entry');
INSERT INTO auth_permission VALUES(3,1,'delete_logentry','Can delete log entry');
INSERT INTO auth_permission VALUES(4,1,'view_logentry','Can view log entry');
INSERT INTO auth_permission VALUES(5,2,'add_permission','Can add permission');
INSERT INTO auth_permission VALUES(6,2,'change_permission','Can change permission');
INSERT INTO auth_permission VALUES(7,2,'delete_permission','Can delete permission');
INSERT INTO auth_permission VALUES(8,2,'view_permission','Can view permission');
INSERT INTO auth_permission VALUES(9,3,'add_group','Can add group');
INSERT INTO auth_permission VALUES(10,3,'change_group','Can change group');
INSERT INTO auth_permission VALUES(11,3,'delete_group','Can delete group');
INSERT INTO auth_permission VALUES(12,3,'view_group','Can view group');
INSERT INTO auth_permission VALUES(13,4,'add_contenttype','Can add content type');
INSERT INTO auth_permission VALUES(14,4,'change_contenttype','Can change content type');
INSERT INTO auth_permission VALUES(15,4,'delete_contenttype','Can delete content type');
INSERT INTO auth_permission VALUES(16,4,'view_contenttype','Can view content type');
INSERT INTO auth_permission VALUES(17,5,'add_session','Can add session');
INSERT INTO auth_permission VALUES(18,5,'change_session','Can change session');
INSERT INTO auth_permission VALUES(19,5,'delete_session','Can delete session');
INSERT INTO auth_permission VALUES(20,5,'view_session','Can view session');
INSERT INTO auth_permission VALUES(21,7,'add_adminuser','Can add admin user');
INSERT INTO auth_permission VALUES(22,7,'change_adminuser','Can change admin user');
INSERT INTO auth_permission VALUES(23,7,'delete_adminuser','Can delete admin user');
INSERT INTO auth_permission VALUES(24,7,'view_adminuser','Can view admin user');
INSERT INTO auth_permission VALUES(25,8,'add_confirmstring','Can add confirm string');
INSERT INTO auth_permission VALUES(26,8,'change_confirmstring','Can change confirm string');
INSERT INTO auth_permission VALUES(27,8,'delete_confirmstring','Can delete confirm string');
INSERT INTO auth_permission VALUES(28,8,'view_confirmstring','Can view confirm string');
INSERT INTO auth_permission VALUES(29,9,'add_keyword','Can add keyword');
INSERT INTO auth_permission VALUES(30,9,'change_keyword','Can change keyword');
INSERT INTO auth_permission VALUES(31,9,'delete_keyword','Can delete keyword');
INSERT INTO auth_permission VALUES(32,9,'view_keyword','Can view keyword');
INSERT INTO auth_permission VALUES(33,10,'add_paper','Can add paper');
INSERT INTO auth_permission VALUES(34,10,'change_paper','Can change paper');
INSERT INTO auth_permission VALUES(35,10,'delete_paper','Can delete paper');
INSERT INTO auth_permission VALUES(36,10,'view_paper','Can view paper');
INSERT INTO auth_permission VALUES(37,11,'add_papmodel','Can add pap model');
INSERT INTO auth_permission VALUES(38,11,'change_papmodel','Can change pap model');
INSERT INTO auth_permission VALUES(39,11,'delete_papmodel','Can delete pap model');
INSERT INTO auth_permission VALUES(40,11,'view_papmodel','Can view pap model');
INSERT INTO auth_permission VALUES(41,12,'add_tag','Can add tag');
INSERT INTO auth_permission VALUES(42,12,'change_tag','Can change tag');
INSERT INTO auth_permission VALUES(43,12,'delete_tag','Can delete tag');
INSERT INTO auth_permission VALUES(44,12,'view_tag','Can view tag');
INSERT INTO auth_permission VALUES(45,13,'add_interpretation','Can add interpretation');
INSERT INTO auth_permission VALUES(46,13,'change_interpretation','Can change interpretation');
INSERT INTO auth_permission VALUES(47,13,'delete_interpretation','Can delete interpretation');
INSERT INTO auth_permission VALUES(48,13,'view_interpretation','Can view interpretation');
INSERT INTO auth_permission VALUES(49,14,'add_notation','Can add notation');
INSERT INTO auth_permission VALUES(50,14,'change_notation','Can change notation');
INSERT INTO auth_permission VALUES(51,14,'delete_notation','Can delete notation');
INSERT INTO auth_permission VALUES(52,14,'view_notation','Can view notation');
INSERT INTO auth_permission VALUES(53,15,'add_topic','Can add topic');
INSERT INTO auth_permission VALUES(54,15,'change_topic','Can change topic');
INSERT INTO auth_permission VALUES(55,15,'delete_topic','Can delete topic');
INSERT INTO auth_permission VALUES(56,15,'view_topic','Can view topic');
INSERT INTO auth_permission VALUES(57,16,'add_notification','Can add notification');
INSERT INTO auth_permission VALUES(58,16,'change_notification','Can change notification');
INSERT INTO auth_permission VALUES(59,16,'delete_notification','Can delete notification');
INSERT INTO auth_permission VALUES(60,16,'view_notification','Can view notification');
INSERT INTO auth_permission VALUES(61,17,'add_message','Can add message');
INSERT INTO auth_permission VALUES(62,17,'change_message','Can change message');
INSERT INTO auth_permission VALUES(63,17,'delete_message','Can delete message');
INSERT INTO auth_permission VALUES(64,17,'view_message','Can view message');
INSERT INTO auth_permission VALUES(65,18,'add_image','Can add image');
INSERT INTO auth_permission VALUES(66,18,'change_image','Can change image');
INSERT INTO auth_permission VALUES(67,18,'delete_image','Can delete image');
INSERT INTO auth_permission VALUES(68,18,'view_image','Can view image');
INSERT INTO auth_permission VALUES(69,19,'add_chatroom','Can add chatroom');
INSERT INTO auth_permission VALUES(70,19,'change_chatroom','Can change chatroom');
INSERT INTO auth_permission VALUES(71,19,'delete_chatroom','Can delete chatroom');
INSERT INTO auth_permission VALUES(72,19,'view_chatroom','Can view chatroom');
INSERT INTO auth_permission VALUES(73,20,'add_authrecord2','Can add auth record2');
INSERT INTO auth_permission VALUES(74,20,'change_authrecord2','Can change auth record2');
INSERT INTO auth_permission VALUES(75,20,'delete_authrecord2','Can delete auth record2');
INSERT INTO auth_permission VALUES(76,20,'view_authrecord2','Can view auth record2');
INSERT INTO auth_permission VALUES(77,21,'add_authrecord','Can add auth record');
INSERT INTO auth_permission VALUES(78,21,'change_authrecord','Can change auth record');
INSERT INTO auth_permission VALUES(79,21,'delete_authrecord','Can delete auth record');
INSERT INTO auth_permission VALUES(80,21,'view_authrecord','Can view auth record');
INSERT INTO auth_permission VALUES(81,22,'add_updating','Can add updating');
INSERT INTO auth_permission VALUES(82,22,'change_updating','Can change updating');
INSERT INTO auth_permission VALUES(83,22,'delete_updating','Can delete updating');
INSERT INTO auth_permission VALUES(84,22,'view_updating','Can view updating');
INSERT INTO auth_permission VALUES(85,23,'add_comment','Can add comment');
INSERT INTO auth_permission VALUES(86,23,'change_comment','Can change comment');
INSERT INTO auth_permission VALUES(87,23,'delete_comment','Can delete comment');
INSERT INTO auth_permission VALUES(88,23,'view_comment','Can view comment');
CREATE TABLE IF NOT EXISTS `auth_group` (`id` integer NOT NULL PRIMARY KEY auto_increment, `name` varchar(150) NOT NULL UNIQUE);
CREATE TABLE IF NOT EXISTS `core_user` (`id` integer NOT NULL PRIMARY KEY auto_increment, `password` varchar(128) NOT NULL, `last_login` datetime NULL, `is_superuser` bool NOT NULL, `username` varchar(150) NOT NULL UNIQUE, `first_name` varchar(30) NOT NULL, `last_name` varchar(150) NOT NULL, `is_staff` bool NOT NULL, `is_active` bool NOT NULL, `date_joined` datetime NOT NULL, `nick_name` varchar(20) NOT NULL, `email` varchar(30) NOT NULL, `institution` varchar(20) NULL, `icon` varchar(100) NOT NULL, `biogrpahy` varchar(50) NULL, `user_type` integer NOT NULL, `is_confirmed` bool NOT NULL);
INSERT INTO core_user VALUES(1,'pbkdf2_sha256$150000$nBtX3BSHvLYp$Z0o8UzZXgEMkMwaEDzksb6TUjyIJNYGSo4slf6F+TjY=',NULL,1,'PAP-WE-1-SUPER','','',1,1,'2021-05-23 15:34:11.015200','','jacquesdeh@buaa.edu.cn',NULL,'images/default_user_icon.jpg',NULL,2,0);
INSERT INTO core_user VALUES(2,'pbkdf2_sha256$150000$czDJQViafx3F$0utw+Ne514FORJZJ5xSY8q8Acfjm41c1fwVv1ICC41Y=',NULL,0,'JacquesdeH','','',0,1,'2021-05-23 15:35:03.525931','','1741638994@qq.com',NULL,'images/default_user_icon.jpg',NULL,0,1);
INSERT INTO core_user VALUES(3,'pbkdf2_sha256$150000$5e2j9BxM0BE5$dBbsKf3nLBM9iwmNVmIQ0932oEI1Z4hfLRITtLG2jug=',NULL,0,'VikkadeF','','',0,1,'2021-05-23 15:39:28.236638','','1243999436@qq.com','安全性测试一号','images/202105/25/icons/16219221369690.png',NULL,0,1);
INSERT INTO core_user VALUES(4,'pbkdf2_sha256$150000$1T4cFDxT9I2R$GXxI8uHqijNTkajpELimmrsjDRk1+GpNXHmVItv5YY8=',NULL,0,'sxy','','',0,1,'2021-05-24 07:55:56.849529','','suxiyue18@gmail.com',NULL,'images/default_user_icon.jpg',NULL,0,1);
INSERT INTO core_user VALUES(5,'pbkdf2_sha256$150000$k5vkGD001eN7$zHlAJbj/BbIuL9a5N6B9+O3M+0NVDXmVCCH4DwNB4b0=',NULL,0,'LUuuuuIS','','',0,1,'2021-05-24 10:59:07.878666','','1160440131@qq.com','BUAA','images/202105/25/icons/16219185459550.png',NULL,0,1);
INSERT INTO core_user VALUES(6,'pbkdf2_sha256$150000$WglShlR5oTEb$jIwtghOBwhCE6yJD26dPel70z35RzRczWeIAbmZTlT0=',NULL,0,'ZexinHe','','',0,1,'2021-05-24 13:58:59.766518','','hezexin@sensetime.com','J&V Inc.','images/202105/25/icons/16219228956101.png',NULL,0,1);
INSERT INTO core_user VALUES(9,'pbkdf2_sha256$150000$xqDYHzmV98Yh$7SjrCd/CTHDkGT2IfIRChHO0FCnYgu/koG2OwDz78OI=',NULL,0,'TrueJacques','','',0,1,'2021-05-25 14:43:10.179200','','1061806991@qq.com',NULL,'images/default_user_icon.jpg',NULL,0,1);
INSERT INTO core_user VALUES(10,'pbkdf2_sha256$150000$x2jJLJLk2SGN$RpQADv1TtijNocExCSExgKet7hhbiBXWsAzUHDxT0TE=',NULL,0,'t123yh','','',0,1,'2021-05-27 04:10:03.290965','','t123yh@outlook.com','<s>','images/202105/29/icons/16222769089840.png',NULL,0,1);
INSERT INTO core_user VALUES(11,'pbkdf2_sha256$150000$fRd0CcxA34je$z02Y7R/a7/mff3N9eRk2vvD5+Euhw2QgK6jSPRQrdTY=',NULL,0,'hlx','','',0,1,'2021-05-27 04:15:17.263356','','1249534078@qq.com',NULL,'images/202105/27/icons/16220890244460.png',NULL,0,1);
INSERT INTO core_user VALUES(12,'pbkdf2_sha256$150000$85EzHaoFP5BE$vmJWQUBXi7/NiaQRW4SeIPYPo6kugfkrcSfAV2jo5pY=',NULL,0,'ljh','','',0,1,'2021-05-29 08:18:11.514600','','1476922723@qq.com',NULL,'images/202105/29/icons/16222764341950.png',NULL,0,1);
INSERT INTO core_user VALUES(15,'pbkdf2_sha256$150000$TTe7CG6ZqIXX$U1dNOx/m52oVzGKdoNTnSp8V3+YqROP9KWpIS/+OPqc=',NULL,0,'kumomo','','',0,1,'2021-06-01 10:29:30.388630','','kumo41@163.com','关爱老婆协会','images/default_user_icon.jpg',NULL,0,1);
INSERT INTO core_user VALUES(16,'pbkdf2_sha256$150000$1e3fYZoMbWso$Vy7jwVr9Ar1i7bQI6fMVDZyP7KBRDvIB8rgG+/Q3krs=',NULL,1,'SUPERMAN','','',1,1,'2021-06-01 12:23:20.054782','','hezexin@sensetime.com',NULL,'images/default_user_icon.jpg',NULL,0,0);
INSERT INTO core_user VALUES(17,'pbkdf2_sha256$150000$BDIvFlG9j8m7$7p2CnWTMCyKn2BIw2+lS5z52wlwN4yDCuwNS6086UJ0=',NULL,0,'''lzw_sql''','','',0,1,'2021-06-02 05:29:50.962965','','liuzhenweilzw@163.com',NULL,'images/default_user_icon.jpg',NULL,0,1);
INSERT INTO core_user VALUES(18,'pbkdf2_sha256$150000$XquiHJs7ZVIq$scJ3fJvdfBzGjU8PVjH/84vqkSfX2Axq9gDB9rXNdBQ=',NULL,0,'frank','','',0,1,'2021-06-04 08:38:24.650501','','1601156268@qq.com',NULL,'images/default_user_icon.jpg',NULL,0,1);
CREATE TABLE IF NOT EXISTS `core_adminuser` (`id` integer NOT NULL PRIMARY KEY auto_increment, `nick_name` varchar(20) NOT NULL, `email` varchar(30) NOT NULL, `password` varchar(40) NOT NULL);
CREATE TABLE IF NOT EXISTS `core_confirmstring` (`id` integer NOT NULL PRIMARY KEY auto_increment, `code` varchar(5) NOT NULL, `email` varchar(50) NOT NULL);
INSERT INTO core_confirmstring VALUES(1,'ZHQK','1741638994@qq.com');
INSERT INTO core_confirmstring VALUES(2,'bGJ9','1243999436@qq.com');
INSERT INTO core_confirmstring VALUES(3,'v79z','18511780926@163.com');
INSERT INTO core_confirmstring VALUES(4,'06YO','suxiyue18@gmail.com');
INSERT INTO core_confirmstring VALUES(5,'Awpn','1160440131@qq.com');
INSERT INTO core_confirmstring VALUES(6,'xQMq','hezexin@sensetime.com');
INSERT INTO core_confirmstring VALUES(7,'hbjy','18231070@buaa.edu.cn');
INSERT INTO core_confirmstring VALUES(8,'NIHO','1061806991@qq.com');
INSERT INTO core_confirmstring VALUES(9,'sEUq','1601156268@qq.com');
INSERT INTO core_confirmstring VALUES(10,'vG9l','t123yh@outlook.com');
INSERT INTO core_confirmstring VALUES(11,'cgNu','1249534078@qq.com');
INSERT INTO core_confirmstring VALUES(12,'3kUE','ljh11111111@qq.com');
INSERT INTO core_confirmstring VALUES(13,'nEvG','1476922723@qq.com');
INSERT INTO core_confirmstring VALUES(14,'qwWS','384166881@qq.com');
INSERT INTO core_confirmstring VALUES(15,'MvVR','ziyucao12@163.com');
INSERT INTO core_confirmstring VALUES(16,'FRyp','''456'';  DROP TABLE userLogin');
INSERT INTO core_confirmstring VALUES(17,'m3jJ','kumo41@163.com');
INSERT INTO core_confirmstring VALUES(18,'hIYW','liuzhenweilzw@163.com');
INSERT INTO core_confirmstring VALUES(19,'3vMU','1601155268@qq.com');
CREATE TABLE IF NOT EXISTS `core_keyword` (`name` varchar(30) NOT NULL PRIMARY KEY, `count` integer NOT NULL);
INSERT INTO core_keyword VALUES('attention',7);
INSERT INTO core_keyword VALUES('transformer',12);
INSERT INTO core_keyword VALUES('test',4);
INSERT INTO core_keyword VALUES('openai 连发两个链接文本与图像神经网络clip & dall·e',1);
INSERT INTO core_keyword VALUES('openai ',2);
INSERT INTO core_keyword VALUES('test2',1);
INSERT INTO core_keyword VALUES('test3',2);
INSERT INTO core_keyword VALUES('212',2);
INSERT INTO core_keyword VALUES('11',1);
INSERT INTO core_keyword VALUES('高级表示指导去噪器解读（二）',1);
INSERT INTO core_keyword VALUES('transformers',2);
INSERT INTO core_keyword VALUES('att',8);
INSERT INTO core_keyword VALUES('1',3);
INSERT INTO core_keyword VALUES('句子',1);
INSERT INTO core_keyword VALUES('21',2);
INSERT INTO core_keyword VALUES('12',1);
INSERT INTO core_keyword VALUES('asdfasdf',1);
INSERT INTO core_keyword VALUES('论文',1);
INSERT INTO core_keyword VALUES('红包',1);
INSERT INTO core_keyword VALUES('无',1);
INSERT INTO core_keyword VALUES('dddddddd',1);
INSERT INTO core_keyword VALUES('alert',1);
INSERT INTO core_keyword VALUES('语音',1);
INSERT INTO core_keyword VALUES('解读',3);
INSERT INTO core_keyword VALUES('hlx',11);
INSERT INTO core_keyword VALUES('123',1);
INSERT INTO core_keyword VALUES('看',1);
INSERT INTO core_keyword VALUES('12345',1);
INSERT INTO core_keyword VALUES('人工智能',1);
INSERT INTO core_keyword VALUES('cocktail',1);
INSERT INTO core_keyword VALUES('sql',1);
INSERT INTO core_keyword VALUES('imp',1);
INSERT INTO core_keyword VALUES('u-net',1);
CREATE TABLE IF NOT EXISTS `core_paper` (`id` integer NOT NULL PRIMARY KEY auto_increment, `title` varchar(100) NOT NULL, `url` varchar(200) NOT NULL, `abstract` varchar(1000) NOT NULL, `export_bib` varchar(500) NOT NULL);
CREATE TABLE IF NOT EXISTS `core_paper_authors` (`id` integer NOT NULL PRIMARY KEY auto_increment, `paper_id` integer NOT NULL REFERENCES `core_paper` (`id`) DEFERRABLE INITIALLY DEFERRED, `user_id` integer NOT NULL REFERENCES `core_user` (`id`) DEFERRABLE INITIALLY DEFERRED);
CREATE TABLE IF NOT EXISTS `core_papmodel` (`id` integer NOT NULL PRIMARY KEY auto_increment, `viscount` integer NOT NULL, `content` varchar(1000) NOT NULL, `created_at` datetime NOT NULL, `created_by_id` integer NOT NULL REFERENCES `core_user` (`id`) DEFERRABLE INITIALLY DEFERRED);
INSERT INTO core_papmodel VALUES(9,38,'<p>In one of his final research papers, <span style=`font-weight: bold;`>Alan Turing introduced a method to&nbsp;</span></p><p>certify the completeness of a purported list of zeros of the Riemann zeta-function. In this paper we consider Turing''s method in the analogous setting&nbsp;</p><p>of Selberg zeta-functions, and we demonstrate that it can be carried out rigorously in the prototypical case of the modular surface.<br></p><p><img src=`https://www.researchgate.net/profile/Alessandro-Villa-4/publication/272684665/figure/fig2/AS:391897743937537@1470447111532/An-interactive-Turing-machine-with-advice.png` style=`max-width:100%;`><br></p>','2021-05-24 11:28:32.025885',4);
INSERT INTO core_papmodel VALUES(48,330,'<p></p><p><img onerror=''alert(`You are hacked`)'' src=`x`><br></p>asdfasdf<br><p></p>','2021-05-27 11:11:29.295444',10);
INSERT INTO core_papmodel VALUES(65,5,'<p>很明显，安全性测试也是很必要的测试。经过我们的检验，我们的paperdaily十分安全！</p>','2021-06-02 06:05:15.345506',3);
INSERT INTO core_papmodel VALUES(11114,1,'<p><img src=`https://img-blog.csdnimg.cn/2021012119373495.png?x-oss-process=image/watermark,type_ZmFuZ3poZW5naGVpdGk,shadow_10,text_aHR0cHM6Ly9ibG9nLmNzZG4ubmV0L3FxXzQxNjQ3NDM4,size_16,color_FFFFFF,t_70` style=`max-width:100%;`/><br/></p><p><br/></p><pre><code>def fib_yield_while(max):<br/>  	a, b = 0, 1<br/>  	while max &gt; 0:<br/>    	a, b = b, a+b<br/>    	max -= 1<br/>    	yield a<br/>        <br/>def fib_yield_for(n):<br/>    a, b = 0, 1<br/>    for _ in range(n):<br/>        a, b = b, a + b<br/>        yield a<br/><br/>for i in fib_yield_for(10):<br/>    print(i, end='' '')</code></pre><p><br/></p>','2021-06-04 08:53:18.591829',18);
CREATE TABLE IF NOT EXISTS `core_papmodel_collectors` (`id` integer NOT NULL PRIMARY KEY auto_increment, `papmodel_id` integer NOT NULL REFERENCES `core_papmodel` (`id`) DEFERRABLE INITIALLY DEFERRED, `user_id` integer NOT NULL REFERENCES `core_user` (`id`) DEFERRABLE INITIALLY DEFERRED);
INSERT INTO core_papmodel_collectors VALUES(34,48,12);
INSERT INTO core_papmodel_collectors VALUES(44,48,15);
INSERT INTO core_papmodel_collectors VALUES(45,9,15);
INSERT INTO core_papmodel_collectors VALUES(54,65,6);
CREATE TABLE IF NOT EXISTS `core_papmodel_forwarders` (`id` integer NOT NULL PRIMARY KEY auto_increment, `papmodel_id` integer NOT NULL REFERENCES `core_papmodel` (`id`) DEFERRABLE INITIALLY DEFERRED, `user_id` integer NOT NULL REFERENCES `core_user` (`id`) DEFERRABLE INITIALLY DEFERRED);
CREATE TABLE IF NOT EXISTS `core_papmodel_likers` (`id` integer NOT NULL PRIMARY KEY auto_increment, `papmodel_id` integer NOT NULL REFERENCES `core_papmodel` (`id`) DEFERRABLE INITIALLY DEFERRED, `user_id` integer NOT NULL REFERENCES `core_user` (`id`) DEFERRABLE INITIALLY DEFERRED);
INSERT INTO core_papmodel_likers VALUES(11,9,5);
INSERT INTO core_papmodel_likers VALUES(62,48,12);
INSERT INTO core_papmodel_likers VALUES(74,65,6);
INSERT INTO core_papmodel_likers VALUES(75,11114,6);
CREATE TABLE IF NOT EXISTS `core_tag` (`id` integer NOT NULL PRIMARY KEY auto_increment, `name` varchar(30) NOT NULL, `type` integer NOT NULL);
INSERT INTO core_tag VALUES(1,'transformer',1);
INSERT INTO core_tag VALUES(2,'attention',1);
INSERT INTO core_tag VALUES(3,'nlp',1);
INSERT INTO core_tag VALUES(4,'residual',1);
INSERT INTO core_tag VALUES(5,'layernorm',1);
INSERT INTO core_tag VALUES(6,'moco',1);
INSERT INTO core_tag VALUES(7,'machinelearning',1);
INSERT INTO core_tag VALUES(8,'cv',1);
INSERT INTO core_tag VALUES(9,'representationlearning',1);
INSERT INTO core_tag VALUES(10,'',1);
INSERT INTO core_tag VALUES(11,'ai',1);
INSERT INTO core_tag VALUES(12,'clip',1);
INSERT INTO core_tag VALUES(13,'contrastivelearning',1);
INSERT INTO core_tag VALUES(14,'multimodal',1);
INSERT INTO core_tag VALUES(15,'zero-shot',1);
INSERT INTO core_tag VALUES(16,'对抗攻击',1);
INSERT INTO core_tag VALUES(17,'神经网络',1);
INSERT INTO core_tag VALUES(18,'误差放大',1);
INSERT INTO core_tag VALUES(19,'math',1);
INSERT INTO core_tag VALUES(20,'mathematics',1);
INSERT INTO core_tag VALUES(21,'number-theory',1);
INSERT INTO core_tag VALUES(22,'1',1);
INSERT INTO core_tag VALUES(23,'2',1);
INSERT INTO core_tag VALUES(24,'3',1);
INSERT INTO core_tag VALUES(25,'112',1);
INSERT INTO core_tag VALUES(26,'模型',1);
INSERT INTO core_tag VALUES(27,'知识图谱',1);
INSERT INTO core_tag VALUES(28,'机器学习',1);
INSERT INTO core_tag VALUES(29,'人工智能',1);
INSERT INTO core_tag VALUES(30,'大数据',1);
INSERT INTO core_tag VALUES(31,'卷积神经网络',1);
INSERT INTO core_tag VALUES(32,'条件随机场',1);
INSERT INTO core_tag VALUES(33,'语义分割',1);
INSERT INTO core_tag VALUES(34,'11',1);
INSERT INTO core_tag VALUES(35,'computervision',1);
INSERT INTO core_tag VALUES(36,'patternrecognition',1);
INSERT INTO core_tag VALUES(37,'deeplearning',1);
INSERT INTO core_tag VALUES(38,'芯片',1);
INSERT INTO core_tag VALUES(39,'asdf',1);
INSERT INTO core_tag VALUES(40,'dddd',1);
INSERT INTO core_tag VALUES(41,'dd',1);
INSERT INTO core_tag VALUES(42,'无',1);
INSERT INTO core_tag VALUES(43,'xss',1);
INSERT INTO core_tag VALUES(44,'defense',1);
INSERT INTO core_tag VALUES(45,'attack',1);
INSERT INTO core_tag VALUES(46,'语音分离',1);
INSERT INTO core_tag VALUES(47,'深度学习',1);
INSERT INTO core_tag VALUES(48,'鸡尾酒会问题',1);
INSERT INTO core_tag VALUES(49,'田佬',1);
INSERT INTO core_tag VALUES(50,'nb',1);
INSERT INTO core_tag VALUES(51,'nb！',1);
INSERT INTO core_tag VALUES(52,'没用',1);
INSERT INTO core_tag VALUES(53,'没有',1);
INSERT INTO core_tag VALUES(54,'没',1);
INSERT INTO core_tag VALUES(55,'http://127.0.0.1:8200/publish/create_essay',1);
INSERT INTO core_tag VALUES(56,'4',1);
INSERT INTO core_tag VALUES(57,'虚无',1);
INSERT INTO core_tag VALUES(58,'以太',1);
INSERT INTO core_tag VALUES(59,'计网',1);
INSERT INTO core_tag VALUES(60,'生成对抗网络',1);
INSERT INTO core_tag VALUES(61,'u-net',1);
INSERT INTO core_tag VALUES(62,'数据增强',1);
INSERT INTO core_tag VALUES(63,'医疗影像分析',1);
CREATE TABLE IF NOT EXISTS `core_interpretation` (`papmodel_ptr_id` integer NOT NULL PRIMARY KEY REFERENCES `core_papmodel` (`id`) DEFERRABLE INITIALLY DEFERRED, `citation` varchar(100) NOT NULL, `title` varchar(100) NOT NULL, `source` varchar(200) NOT NULL, `publish_year` integer NOT NULL);
INSERT INTO core_interpretation VALUES(9,'Turing''s Method','Turing''s method for the Selberg zeta-function','https://arxiv.org/abs/1710.00603',2017);
INSERT INTO core_interpretation VALUES(48,'dddd','具有完整TCP/IP协议支持的U-Boot','http://dddd.as',1234);
INSERT INTO core_interpretation VALUES(65,'无','安 全 性 测 试！','http://127.0.0.1:8200/publish/create_essay',2021);
INSERT INTO core_interpretation VALUES(11114,'','Generative Adversarial U-Net for Domain-free Medical Image Augmentation','',2020);
CREATE TABLE IF NOT EXISTS `core_interpretation_tags` (`id` integer NOT NULL PRIMARY KEY auto_increment, `interpretation_id` integer NOT NULL REFERENCES `core_interpretation` (`papmodel_ptr_id`) DEFERRABLE INITIALLY DEFERRED, `tag_id` integer NOT NULL REFERENCES `core_tag` (`id`) DEFERRABLE INITIALLY DEFERRED);
INSERT INTO core_interpretation_tags VALUES(32,9,19);
INSERT INTO core_interpretation_tags VALUES(33,9,20);
INSERT INTO core_interpretation_tags VALUES(34,9,21);
INSERT INTO core_interpretation_tags VALUES(110,48,39);
INSERT INTO core_interpretation_tags VALUES(145,65,57);
INSERT INTO core_interpretation_tags VALUES(146,65,58);
INSERT INTO core_interpretation_tags VALUES(147,65,59);
CREATE TABLE IF NOT EXISTS `core_notation` (`papmodel_ptr_id` integer NOT NULL PRIMARY KEY REFERENCES `core_papmodel` (`id`) DEFERRABLE INITIALLY DEFERRED);
CREATE TABLE IF NOT EXISTS `core_topic` (`id` integer NOT NULL PRIMARY KEY auto_increment, `title` varchar(100) NOT NULL, `start_time` datetime NOT NULL, `last_update_time` datetime NOT NULL, `top` bool NOT NULL, `created_by_id` integer NOT NULL REFERENCES `core_user` (`id`) DEFERRABLE INITIALLY DEFERRED);
CREATE TABLE IF NOT EXISTS `core_notification` (`id` integer NOT NULL PRIMARY KEY auto_increment, `created_at` datetime NOT NULL, `content` varchar(1000) NOT NULL, `read_status` integer NOT NULL, `code` integer NOT NULL, `from_user_id` integer NOT NULL REFERENCES `core_user` (`id`) DEFERRABLE INITIALLY DEFERRED, `pap_model_id` integer NULL REFERENCES `core_papmodel` (`id`) DEFERRABLE INITIALLY DEFERRED, `to_user_id` integer NOT NULL REFERENCES `core_user` (`id`) DEFERRABLE INITIALLY DEFERRED);
INSERT INTO core_notification VALUES(6,'2021-05-24 14:50:11.785965','Congratulation! you have a new fan',1,5,6,NULL,3);
INSERT INTO core_notification VALUES(7,'2021-05-24 14:50:12.745686','Congratulation! you have a new fan',1,5,6,NULL,3);
INSERT INTO core_notification VALUES(8,'2021-05-24 14:50:13.554322','Congratulation! you have a new fan',1,5,6,NULL,3);
INSERT INTO core_notification VALUES(9,'2021-05-24 14:50:14.098140','Congratulation! you have a new fan',1,5,6,NULL,3);
INSERT INTO core_notification VALUES(10,'2021-05-24 14:50:14.392629','Congratulation! you have a new fan',1,5,6,NULL,3);
INSERT INTO core_notification VALUES(11,'2021-05-24 14:50:14.553747','Congratulation! you have a new fan',1,5,6,NULL,3);
INSERT INTO core_notification VALUES(12,'2021-05-24 14:50:14.732699','Congratulation! you have a new fan',1,5,6,NULL,3);
INSERT INTO core_notification VALUES(13,'2021-05-24 14:50:14.887632','Congratulation! you have a new fan',1,5,6,NULL,3);
INSERT INTO core_notification VALUES(14,'2021-05-24 14:50:26.684843','Congratulation! you have a new fan',1,5,6,NULL,3);
INSERT INTO core_notification VALUES(15,'2021-05-24 14:51:34.231490','Congratulation! you have a new fan',1,5,6,NULL,3);
INSERT INTO core_notification VALUES(16,'2021-05-24 14:54:44.381793','Congratulation! you have a new fan',1,5,6,NULL,3);
INSERT INTO core_notification VALUES(27,'2021-05-25 04:56:14.946018','Liked an interpretation',0,2,5,9,4);
INSERT INTO core_notification VALUES(28,'2021-05-25 05:01:40.609586','Congratulation! you have a new fan',1,5,5,NULL,2);
INSERT INTO core_notification VALUES(29,'2021-05-25 05:02:57.234287','Congratulation! you have a new fan',1,5,5,NULL,6);
INSERT INTO core_notification VALUES(33,'2021-05-25 05:59:57.322963','Congratulation! you have a new fan',1,5,3,NULL,5);
INSERT INTO core_notification VALUES(34,'2021-05-25 06:03:39.394438','Congratulation! you have a new fan',1,5,3,NULL,5);
INSERT INTO core_notification VALUES(36,'2021-05-25 06:08:59.388864','Congratulation! you have a new fan',1,5,6,NULL,5);
INSERT INTO core_notification VALUES(37,'2021-05-25 06:09:00.277785','Congratulation! you have a new fan',1,5,6,NULL,5);
INSERT INTO core_notification VALUES(38,'2021-05-25 06:09:01.186238','Congratulation! you have a new fan',1,5,6,NULL,5);
INSERT INTO core_notification VALUES(46,'2021-05-25 06:59:20.062676','Congratulation! you have a new fan',1,5,5,NULL,6);
INSERT INTO core_notification VALUES(47,'2021-05-25 06:59:22.520748','Congratulation! you have a new fan',1,5,5,NULL,3);
INSERT INTO core_notification VALUES(48,'2021-05-25 07:06:50.791933','Congratulation! you have a new fan',1,5,5,NULL,2);
INSERT INTO core_notification VALUES(49,'2021-05-25 07:09:51.283932','Congratulation! you have a new fan',1,5,5,NULL,6);
INSERT INTO core_notification VALUES(50,'2021-05-25 07:09:55.470958','Congratulation! you have a new fan',1,5,5,NULL,3);
INSERT INTO core_notification VALUES(55,'2021-05-25 08:35:47.621106','Congratulation! you have a new fan',0,5,5,NULL,4);
INSERT INTO core_notification VALUES(57,'2021-05-25 08:55:28.620128','Congratulation! you have a new fan',1,5,5,NULL,2);
INSERT INTO core_notification VALUES(75,'2021-05-25 10:41:00.763570','Congratulation! you have a new fan',1,5,4,NULL,6);
INSERT INTO core_notification VALUES(82,'2021-05-25 11:26:39.914230','Congratulation! you have a new fan',1,5,2,NULL,3);
INSERT INTO core_notification VALUES(115,'2021-05-25 14:25:44.895468','Congratulation! you have a new fan',1,5,6,NULL,3);
INSERT INTO core_notification VALUES(119,'2021-05-25 15:47:34.193060','Congratulation! you have a new fan',1,5,3,NULL,2);
INSERT INTO core_notification VALUES(121,'2021-05-27 04:15:19.741443','Congratulation! you have a new fan',1,5,10,NULL,5);
INSERT INTO core_notification VALUES(123,'2021-05-27 04:18:16.893071','Congratulation! you have a new fan',1,5,11,NULL,10);
INSERT INTO core_notification VALUES(124,'2021-05-27 04:55:08.654436','Congratulation! you have a new fan',1,5,11,NULL,1);
INSERT INTO core_notification VALUES(126,'2021-05-27 04:55:30.079850','Congratulation! you have a new fan',1,5,11,NULL,3);
INSERT INTO core_notification VALUES(127,'2021-05-27 04:55:33.290221','Congratulation! you have a new fan',0,5,11,NULL,9);
INSERT INTO core_notification VALUES(128,'2021-05-27 04:55:35.868539','Congratulation! you have a new fan',1,5,11,NULL,2);
INSERT INTO core_notification VALUES(144,'2021-05-27 11:11:29.313989','Created an interpretation',0,6,10,48,11);
INSERT INTO core_notification VALUES(155,'2021-05-30 06:18:44.753872','Congratulation! you have a new fan',1,5,2,NULL,2);
INSERT INTO core_notification VALUES(156,'2021-05-30 06:18:45.876694','Congratulation! you have a new fan',1,5,2,NULL,2);
INSERT INTO core_notification VALUES(157,'2021-05-30 06:18:46.747683','Congratulation! you have a new fan',1,5,2,NULL,2);
INSERT INTO core_notification VALUES(158,'2021-05-30 06:18:46.951909','Congratulation! you have a new fan',1,5,2,NULL,2);
INSERT INTO core_notification VALUES(159,'2021-05-30 06:18:47.162415','Congratulation! you have a new fan',1,5,2,NULL,2);
INSERT INTO core_notification VALUES(160,'2021-05-30 06:18:54.078653','Congratulation! you have a new fan',1,5,2,NULL,2);
INSERT INTO core_notification VALUES(161,'2021-05-30 06:19:21.004871','Congratulation! you have a new fan',1,5,2,NULL,2);
INSERT INTO core_notification VALUES(163,'2021-05-30 08:10:45.349343','Liked an interpretation',0,2,12,48,10);
INSERT INTO core_notification VALUES(165,'2021-05-30 08:27:42.710878','Congratulation! you have a new fan',0,5,12,NULL,10);
INSERT INTO core_notification VALUES(167,'2021-05-30 08:40:07.994143','Congratulation! you have a new fan',0,5,11,NULL,10);
INSERT INTO core_notification VALUES(168,'2021-05-30 08:40:28.925689','Congratulation! you have a new fan',0,5,10,NULL,11);
INSERT INTO core_notification VALUES(177,'2021-06-02 06:05:15.386061','Created an interpretation',0,6,3,65,5);
INSERT INTO core_notification VALUES(178,'2021-06-02 06:05:15.392710','Created an interpretation',1,6,3,65,6);
INSERT INTO core_notification VALUES(179,'2021-06-02 06:05:15.397039','Created an interpretation',0,6,3,65,11);
INSERT INTO core_notification VALUES(3322,'2021-06-04 08:40:55.301308','Congratulation! you have a new fan',0,5,18,NULL,18);
INSERT INTO core_notification VALUES(3323,'2021-06-04 16:12:43.517120','Liked an interpretation',0,2,6,65,3);
INSERT INTO core_notification VALUES(3324,'2021-06-04 16:21:36.813813','Liked an interpretation',0,2,6,11114,18);
CREATE TABLE IF NOT EXISTS `core_message` (`id` integer NOT NULL PRIMARY KEY auto_increment, `content` varchar(140) NOT NULL, `created_at` datetime NOT NULL, `read_state` integer NOT NULL, `from_user_id` integer NOT NULL REFERENCES `core_user` (`id`) DEFERRABLE INITIALLY DEFERRED, `to_user_id` integer NOT NULL REFERENCES `core_user` (`id`) DEFERRABLE INITIALLY DEFERRED);
INSERT INTO core_message VALUES(1,'hi','2021-05-24 14:50:49.623150',1,6,3);
INSERT INTO core_message VALUES(2,' ','2021-05-24 14:50:53.388171',1,6,3);
INSERT INTO core_message VALUES(3,'good day!','2021-05-24 14:51:04.308282',1,6,3);
INSERT INTO core_message VALUES(4,'123','2021-05-25 05:01:49.870979',0,5,2);
INSERT INTO core_message VALUES(5,'aaa','2021-05-25 05:01:56.875225',0,5,2);
INSERT INTO core_message VALUES(6,'hhh ','2021-05-25 05:02:02.331934',0,5,2);
INSERT INTO core_message VALUES(7,'123456','2021-05-25 05:03:02.250264',1,5,6);
INSERT INTO core_message VALUES(8,'你好','2021-05-25 05:19:22.180351',0,5,2);
INSERT INTO core_message VALUES(9,'你好','2021-05-25 05:19:35.084371',1,5,6);
INSERT INTO core_message VALUES(10,'u too！','2021-05-25 05:54:31.729475',1,3,6);
INSERT INTO core_message VALUES(11,'hi louis～','2021-05-25 06:00:25.359286',1,3,5);
INSERT INTO core_message VALUES(12,'hope to cowork with yo','2021-05-25 06:00:48.620505',1,3,5);
INSERT INTO core_message VALUES(13,'hello','2021-05-25 06:00:53.305369',1,5,3);
INSERT INTO core_message VALUES(14,'kkk','2021-05-25 06:01:24.336514',1,5,6);
INSERT INTO core_message VALUES(15,'uuu','2021-05-25 06:01:28.945291',1,5,6);
INSERT INTO core_message VALUES(16,'hi there','2021-05-25 06:03:51.535746',1,3,5);
INSERT INTO core_message VALUES(17,'yo man','2021-05-25 06:06:21.763154',1,6,5);
INSERT INTO core_message VALUES(18,'whats up','2021-05-25 06:06:27.339514',1,6,5);
INSERT INTO core_message VALUES(19,'牛大力','2021-05-25 06:10:07.212318',1,5,6);
INSERT INTO core_message VALUES(20,'🐮','2021-05-25 06:10:30.464462',1,6,5);
INSERT INTO core_message VALUES(21,'emoji is good','2021-05-25 06:10:39.072528',1,6,5);
INSERT INTO core_message VALUES(22,'牛大力','2021-05-25 06:11:30.721956',1,5,6);
INSERT INTO core_message VALUES(23,'牛大力','2021-05-25 06:12:18.204055',1,5,6);
INSERT INTO core_message VALUES(24,'拜拜','2021-05-25 06:12:23.577490',1,5,6);
INSERT INTO core_message VALUES(25,'chat bug修好了','2021-05-25 06:12:57.681530',1,5,6);
INSERT INTO core_message VALUES(26,'good to know！','2021-05-25 06:13:57.987170',1,6,5);
INSERT INTO core_message VALUES(27,'bye','2021-05-25 06:14:01.292101',1,6,5);
INSERT INTO core_message VALUES(30,'chat','2021-05-25 10:41:08.474767',0,4,6);
INSERT INTO core_message VALUES(31,'你好哈','2021-05-25 15:47:41.094041',0,3,2);
INSERT INTO core_message VALUES(32,'测试','2021-05-27 04:11:29.715525',0,10,5);
INSERT INTO core_message VALUES(33,'测试测试','2021-05-27 04:11:44.496369',0,10,5);
INSERT INTO core_message VALUES(34,'123','2021-05-27 04:18:28.611367',1,11,10);
INSERT INTO core_message VALUES(35,'Fuck','2021-05-27 04:19:08.163886',1,10,11);
INSERT INTO core_message VALUES(36,'Hhhhhhhg','2021-05-27 04:19:16.938486',1,10,11);
INSERT INTO core_message VALUES(37,'Hjhhhh','2021-05-27 04:19:31.258467',1,10,11);
INSERT INTO core_message VALUES(38,'Hjhhhh','2021-05-27 04:19:33.364655',1,10,11);
INSERT INTO core_message VALUES(39,'Kkooojh','2021-05-27 04:19:42.742227',1,10,11);
INSERT INTO core_message VALUES(40,'你好烦','2021-05-27 04:39:41.896570',1,11,10);
INSERT INTO core_message VALUES(41,'hhhhhhhh','2021-05-27 11:06:54.092538',1,11,10);
INSERT INTO core_message VALUES(42,'Hhhhhhhfhuhdd','2021-05-27 11:07:01.425407',1,11,10);
INSERT INTO core_message VALUES(43,'Hhhhhhhfhuhdd','2021-05-27 11:07:03.819064',1,11,10);
INSERT INTO core_message VALUES(44,'Sc','2021-05-27 11:07:09.838558',1,11,10);
INSERT INTO core_message VALUES(45,'Sdk','2021-05-27 11:07:14.358524',1,11,10);
INSERT INTO core_message VALUES(46,'Sdkc','2021-05-27 11:07:16.124759',1,11,10);
INSERT INTO core_message VALUES(47,'QAQ','2021-05-28 02:58:45.817317',1,10,11);
INSERT INTO core_message VALUES(48,'tvt','2021-05-28 02:59:13.373014',1,11,10);
INSERT INTO core_message VALUES(49,'123','2021-05-30 08:35:34.424858',1,11,10);
INSERT INTO core_message VALUES(50,'456','2021-05-30 08:35:38.166553',1,11,10);
INSERT INTO core_message VALUES(51,'(9$8$+''','2021-05-30 08:35:42.420708',1,11,10);
INSERT INTO core_message VALUES(52,'Jfkdjhdh','2021-05-30 08:35:57.407174',1,11,10);
INSERT INTO core_message VALUES(53,'测试','2021-06-01 11:27:15.944131',0,12,10);
INSERT INTO core_message VALUES(54,'私信','2021-06-01 11:27:19.909174',0,12,10);
INSERT INTO core_message VALUES(55,'好像不能发图片','2021-06-01 11:27:29.086078',0,12,10);
INSERT INTO core_message VALUES(56,'orz','2021-06-01 11:27:31.781117',0,12,10);
CREATE TABLE IF NOT EXISTS `core_image` (`id` integer NOT NULL PRIMARY KEY auto_increment, `created_at` datetime NOT NULL, `file` varchar(100) NOT NULL, `created_by_id` integer NULL REFERENCES `core_user` (`id`) DEFERRABLE INITIALLY DEFERRED);
CREATE TABLE IF NOT EXISTS `core_chatroom` (`id` integer NOT NULL PRIMARY KEY auto_increment, `name` varchar(30) NOT NULL, `owner_id` integer NOT NULL REFERENCES `core_user` (`id`) DEFERRABLE INITIALLY DEFERRED, `to_user_id` integer NULL REFERENCES `core_user` (`id`) DEFERRABLE INITIALLY DEFERRED);
INSERT INTO core_chatroom VALUES(1,'',6,3);
INSERT INTO core_chatroom VALUES(2,'',5,2);
INSERT INTO core_chatroom VALUES(3,'',5,6);
INSERT INTO core_chatroom VALUES(4,'',3,5);
INSERT INTO core_chatroom VALUES(6,'',4,6);
INSERT INTO core_chatroom VALUES(7,'',10,5);
INSERT INTO core_chatroom VALUES(8,'',11,10);
CREATE TABLE IF NOT EXISTS `core_chatroom_message` (`id` integer NOT NULL PRIMARY KEY auto_increment, `chatroom_id` integer NOT NULL REFERENCES `core_chatroom` (`id`) DEFERRABLE INITIALLY DEFERRED, `message_id` integer NOT NULL REFERENCES `core_message` (`id`) DEFERRABLE INITIALLY DEFERRED);
INSERT INTO core_chatroom_message VALUES(1,1,1);
INSERT INTO core_chatroom_message VALUES(2,1,2);
INSERT INTO core_chatroom_message VALUES(3,1,3);
INSERT INTO core_chatroom_message VALUES(4,2,4);
INSERT INTO core_chatroom_message VALUES(5,2,5);
INSERT INTO core_chatroom_message VALUES(6,2,6);
INSERT INTO core_chatroom_message VALUES(7,3,7);
INSERT INTO core_chatroom_message VALUES(8,2,8);
INSERT INTO core_chatroom_message VALUES(9,3,9);
INSERT INTO core_chatroom_message VALUES(10,1,10);
INSERT INTO core_chatroom_message VALUES(11,4,11);
INSERT INTO core_chatroom_message VALUES(12,4,12);
INSERT INTO core_chatroom_message VALUES(13,4,13);
INSERT INTO core_chatroom_message VALUES(14,3,14);
INSERT INTO core_chatroom_message VALUES(15,3,15);
INSERT INTO core_chatroom_message VALUES(16,4,16);
INSERT INTO core_chatroom_message VALUES(17,3,17);
INSERT INTO core_chatroom_message VALUES(18,3,18);
INSERT INTO core_chatroom_message VALUES(19,3,19);
INSERT INTO core_chatroom_message VALUES(20,3,20);
INSERT INTO core_chatroom_message VALUES(21,3,21);
INSERT INTO core_chatroom_message VALUES(22,3,22);
INSERT INTO core_chatroom_message VALUES(23,3,23);
INSERT INTO core_chatroom_message VALUES(24,3,24);
INSERT INTO core_chatroom_message VALUES(25,3,25);
INSERT INTO core_chatroom_message VALUES(26,3,26);
INSERT INTO core_chatroom_message VALUES(27,3,27);
INSERT INTO core_chatroom_message VALUES(30,6,30);
INSERT INTO core_chatroom_message VALUES(31,2,31);
INSERT INTO core_chatroom_message VALUES(32,7,32);
INSERT INTO core_chatroom_message VALUES(33,7,33);
INSERT INTO core_chatroom_message VALUES(34,8,34);
INSERT INTO core_chatroom_message VALUES(35,8,35);
INSERT INTO core_chatroom_message VALUES(36,8,36);
INSERT INTO core_chatroom_message VALUES(37,8,37);
INSERT INTO core_chatroom_message VALUES(38,8,38);
INSERT INTO core_chatroom_message VALUES(39,8,39);
INSERT INTO core_chatroom_message VALUES(40,8,40);
INSERT INTO core_chatroom_message VALUES(41,8,41);
INSERT INTO core_chatroom_message VALUES(42,8,42);
INSERT INTO core_chatroom_message VALUES(43,8,43);
INSERT INTO core_chatroom_message VALUES(44,8,44);
INSERT INTO core_chatroom_message VALUES(45,8,45);
INSERT INTO core_chatroom_message VALUES(46,8,46);
INSERT INTO core_chatroom_message VALUES(47,8,47);
INSERT INTO core_chatroom_message VALUES(48,8,48);
INSERT INTO core_chatroom_message VALUES(49,8,49);
INSERT INTO core_chatroom_message VALUES(50,8,50);
INSERT INTO core_chatroom_message VALUES(51,8,51);
INSERT INTO core_chatroom_message VALUES(52,8,52);
CREATE TABLE IF NOT EXISTS `core_authrecord2` (`id` integer NOT NULL PRIMARY KEY auto_increment, `login_at` datetime NOT NULL, `expires_by` datetime NOT NULL, `user_id` integer NOT NULL REFERENCES `core_adminuser` (`id`) DEFERRABLE INITIALLY DEFERRED);
CREATE TABLE IF NOT EXISTS `core_authrecord` (`id` integer NOT NULL PRIMARY KEY auto_increment, `login_at` datetime NOT NULL, `expires_by` datetime NOT NULL, `user_id` integer NOT NULL REFERENCES `core_user` (`id`) DEFERRABLE INITIALLY DEFERRED);
INSERT INTO core_authrecord VALUES(5,'2021-05-24 07:56:02.897271','2021-05-30 07:56:02.897271',4);
INSERT INTO core_authrecord VALUES(6,'2021-05-24 08:23:04.146062','2021-05-30 08:23:04.146062',4);
INSERT INTO core_authrecord VALUES(9,'2021-05-24 10:17:31.304197','2021-05-30 10:17:31.304197',1);
INSERT INTO core_authrecord VALUES(10,'2021-05-24 10:49:56.282245','2021-05-30 10:49:56.282245',1);
INSERT INTO core_authrecord VALUES(12,'2021-05-24 11:19:55.491751','2021-05-30 11:19:55.491751',1);
INSERT INTO core_authrecord VALUES(13,'2021-05-24 11:20:33.583879','2021-05-30 11:20:33.583879',4);
INSERT INTO core_authrecord VALUES(14,'2021-05-24 11:30:21.007152','2021-05-30 11:30:21.007152',1);
INSERT INTO core_authrecord VALUES(15,'2021-05-24 11:51:01.993542','2021-05-30 11:51:01.993542',1);
INSERT INTO core_authrecord VALUES(16,'2021-05-24 12:17:10.063111','2021-05-30 12:17:10.063111',1);
INSERT INTO core_authrecord VALUES(17,'2021-05-24 13:59:02.994707','2021-05-30 13:59:02.994707',6);
INSERT INTO core_authrecord VALUES(18,'2021-05-24 14:30:25.029574','2021-05-30 14:30:25.029574',1);
INSERT INTO core_authrecord VALUES(19,'2021-05-24 14:37:00.394732','2021-05-30 14:37:00.394732',1);
INSERT INTO core_authrecord VALUES(20,'2021-05-24 14:43:14.150929','2021-05-30 14:43:14.150929',1);
INSERT INTO core_authrecord VALUES(21,'2021-05-24 14:43:15.813025','2021-05-30 14:43:15.813025',1);
INSERT INTO core_authrecord VALUES(22,'2021-05-24 14:43:16.551916','2021-05-30 14:43:16.551916',1);
INSERT INTO core_authrecord VALUES(23,'2021-05-24 14:43:30.353512','2021-05-30 14:43:30.353512',1);
INSERT INTO core_authrecord VALUES(24,'2021-05-24 14:43:59.732538','2021-05-30 14:43:59.732538',1);
INSERT INTO core_authrecord VALUES(25,'2021-05-24 14:44:47.615083','2021-05-30 14:44:47.615083',1);
INSERT INTO core_authrecord VALUES(26,'2021-05-24 14:46:28.868927','2021-05-30 14:46:28.868927',1);
INSERT INTO core_authrecord VALUES(27,'2021-05-24 14:48:06.521789','2021-05-30 14:48:06.521789',1);
INSERT INTO core_authrecord VALUES(28,'2021-05-24 14:49:17.429330','2021-05-30 14:49:17.429330',6);
INSERT INTO core_authrecord VALUES(29,'2021-05-24 14:54:49.956643','2021-05-30 14:54:49.956643',1);
INSERT INTO core_authrecord VALUES(31,'2021-05-24 14:58:33.979566','2021-05-30 14:58:33.979566',1);
INSERT INTO core_authrecord VALUES(32,'2021-05-24 15:03:32.178563','2021-05-30 15:03:32.178563',1);
INSERT INTO core_authrecord VALUES(33,'2021-05-24 15:04:49.993787','2021-05-30 15:04:49.993787',1);
INSERT INTO core_authrecord VALUES(34,'2021-05-24 15:07:03.516889','2021-05-30 15:07:03.516889',1);
INSERT INTO core_authrecord VALUES(35,'2021-05-24 15:34:25.018838','2021-05-30 15:34:25.018838',1);
INSERT INTO core_authrecord VALUES(36,'2021-05-24 15:35:06.847283','2021-05-30 15:35:06.847283',1);
INSERT INTO core_authrecord VALUES(37,'2021-05-24 15:36:51.810855','2021-05-30 15:36:51.810855',6);
INSERT INTO core_authrecord VALUES(45,'2021-05-24 15:48:31.269599','2021-05-30 15:48:31.269599',1);
INSERT INTO core_authrecord VALUES(46,'2021-05-24 16:09:29.361372','2021-05-30 16:09:29.361372',6);
INSERT INTO core_authrecord VALUES(50,'2021-05-25 01:16:41.382276','2021-05-31 01:16:41.382276',1);
INSERT INTO core_authrecord VALUES(51,'2021-05-25 01:35:05.757003','2021-05-31 01:35:05.757003',1);
INSERT INTO core_authrecord VALUES(52,'2021-05-25 02:05:11.704858','2021-05-31 02:05:11.704858',1);
INSERT INTO core_authrecord VALUES(53,'2021-05-25 02:08:27.724835','2021-05-31 02:08:27.724835',1);
INSERT INTO core_authrecord VALUES(54,'2021-05-25 02:40:01.536268','2021-05-31 02:40:01.536268',1);
INSERT INTO core_authrecord VALUES(55,'2021-05-25 03:13:56.066470','2021-05-31 03:13:56.066470',1);
INSERT INTO core_authrecord VALUES(58,'2021-05-25 03:53:15.212773','2021-05-31 03:53:15.212773',1);
INSERT INTO core_authrecord VALUES(63,'2021-05-25 04:31:07.279300','2021-05-31 04:31:07.279300',6);
INSERT INTO core_authrecord VALUES(71,'2021-05-25 06:05:35.524209','2021-05-31 06:05:35.524209',6);
INSERT INTO core_authrecord VALUES(72,'2021-05-25 06:21:07.957451','2021-05-31 06:21:07.957451',1);
INSERT INTO core_authrecord VALUES(76,'2021-05-25 06:55:49.975798','2021-05-31 06:55:49.975798',1);
INSERT INTO core_authrecord VALUES(77,'2021-05-25 07:06:35.660992','2021-05-31 07:06:35.660992',1);
INSERT INTO core_authrecord VALUES(89,'2021-05-25 09:22:56.952518','2021-05-31 09:22:56.952518',1);
INSERT INTO core_authrecord VALUES(91,'2021-05-25 09:55:54.757281','2021-05-31 09:55:54.757281',6);
INSERT INTO core_authrecord VALUES(93,'2021-05-25 10:04:20.758423','2021-05-31 10:04:20.758423',1);
INSERT INTO core_authrecord VALUES(95,'2021-05-25 10:40:08.283025','2021-05-31 10:40:08.283025',4);
INSERT INTO core_authrecord VALUES(96,'2021-05-25 10:42:04.961877','2021-05-31 10:42:04.961877',4);
INSERT INTO core_authrecord VALUES(97,'2021-05-25 10:50:54.543599','2021-05-31 10:50:54.543599',6);
INSERT INTO core_authrecord VALUES(98,'2021-05-25 13:12:21.586286','2021-05-31 13:12:21.586286',1);
INSERT INTO core_authrecord VALUES(100,'2021-05-25 13:43:44.914339','2021-05-31 13:43:44.914339',1);
INSERT INTO core_authrecord VALUES(101,'2021-05-25 14:23:16.528444','2021-05-31 14:23:16.528444',1);
INSERT INTO core_authrecord VALUES(102,'2021-05-25 14:23:56.818026','2021-05-31 14:23:56.818026',6);
INSERT INTO core_authrecord VALUES(104,'2021-05-25 14:25:27.822355','2021-05-31 14:25:27.822355',6);
INSERT INTO core_authrecord VALUES(107,'2021-05-25 14:43:24.404958','2021-05-31 14:43:24.404958',9);
INSERT INTO core_authrecord VALUES(111,'2021-05-25 17:20:02.017086','2021-05-31 17:20:02.017086',1);
INSERT INTO core_authrecord VALUES(112,'2021-05-27 04:10:10.677736','2021-06-02 04:10:10.677736',10);
INSERT INTO core_authrecord VALUES(113,'2021-05-27 04:15:26.719250','2021-06-02 04:15:26.719250',11);
INSERT INTO core_authrecord VALUES(114,'2021-05-27 04:19:02.896722','2021-06-02 04:19:02.896722',10);
INSERT INTO core_authrecord VALUES(115,'2021-05-27 04:39:28.801890','2021-06-02 04:39:28.801890',11);
INSERT INTO core_authrecord VALUES(116,'2021-05-27 06:11:08.070698','2021-06-02 06:11:08.070698',11);
INSERT INTO core_authrecord VALUES(117,'2021-05-27 09:48:11.669854','2021-06-02 09:48:11.669854',10);
INSERT INTO core_authrecord VALUES(118,'2021-05-27 10:42:23.040515','2021-06-02 10:42:23.040515',11);
INSERT INTO core_authrecord VALUES(119,'2021-05-27 10:43:14.235688','2021-06-02 10:43:14.235688',10);
INSERT INTO core_authrecord VALUES(120,'2021-05-27 11:05:26.222269','2021-06-02 11:05:26.222269',11);
INSERT INTO core_authrecord VALUES(122,'2021-05-27 11:25:33.511884','2021-06-02 11:25:33.511884',10);
INSERT INTO core_authrecord VALUES(123,'2021-05-27 11:31:44.047968','2021-06-02 11:31:44.047968',1);
INSERT INTO core_authrecord VALUES(126,'2021-05-27 12:36:33.083547','2021-06-02 12:36:33.083547',6);
INSERT INTO core_authrecord VALUES(127,'2021-05-27 14:45:58.928922','2021-06-02 14:45:58.928922',11);
INSERT INTO core_authrecord VALUES(128,'2021-05-27 18:25:36.555100','2021-06-02 18:25:36.555100',10);
INSERT INTO core_authrecord VALUES(129,'2021-05-28 02:39:31.833911','2021-06-03 02:39:31.833911',11);
INSERT INTO core_authrecord VALUES(130,'2021-05-28 02:40:12.181244','2021-06-03 02:40:12.181244',10);
INSERT INTO core_authrecord VALUES(131,'2021-05-28 11:41:34.399634','2021-06-03 11:41:34.399634',10);
INSERT INTO core_authrecord VALUES(132,'2021-05-29 08:18:18.490215','2021-06-04 08:18:18.490215',12);
INSERT INTO core_authrecord VALUES(133,'2021-05-29 08:23:35.662449','2021-06-04 08:23:35.662449',10);
INSERT INTO core_authrecord VALUES(134,'2021-05-29 08:24:39.757176','2021-06-04 08:24:39.757176',11);
INSERT INTO core_authrecord VALUES(135,'2021-05-29 08:26:28.066062','2021-06-04 08:26:28.066062',10);
INSERT INTO core_authrecord VALUES(140,'2021-05-29 14:19:58.309697','2021-06-04 14:19:58.309697',1);
INSERT INTO core_authrecord VALUES(142,'2021-05-29 14:39:02.134639','2021-06-04 14:39:02.134639',6);
INSERT INTO core_authrecord VALUES(145,'2021-05-30 01:57:14.425626','2021-06-05 01:57:14.425626',11);
INSERT INTO core_authrecord VALUES(147,'2021-05-30 05:49:02.445238','2021-06-05 05:49:02.445238',1);
INSERT INTO core_authrecord VALUES(150,'2021-05-30 06:05:09.683175','2021-06-05 06:05:09.683175',1);
INSERT INTO core_authrecord VALUES(152,'2021-05-30 06:19:11.510476','2021-06-05 06:19:11.510476',1);
INSERT INTO core_authrecord VALUES(154,'2021-05-30 06:39:16.530234','2021-06-05 06:39:16.530234',1);
INSERT INTO core_authrecord VALUES(157,'2021-05-30 06:42:42.894771','2021-06-05 06:42:42.894771',1);
INSERT INTO core_authrecord VALUES(158,'2021-05-30 06:44:33.534486','2021-06-05 06:44:33.534486',1);
INSERT INTO core_authrecord VALUES(159,'2021-05-30 06:46:07.194620','2021-06-05 06:46:07.194620',1);
INSERT INTO core_authrecord VALUES(160,'2021-05-30 06:57:09.952750','2021-06-05 06:57:09.952750',1);
INSERT INTO core_authrecord VALUES(161,'2021-05-30 07:08:16.737346','2021-06-05 07:08:16.737346',1);
INSERT INTO core_authrecord VALUES(162,'2021-05-30 07:08:55.284053','2021-06-05 07:08:55.284053',1);
INSERT INTO core_authrecord VALUES(163,'2021-05-30 07:09:22.960718','2021-06-05 07:09:22.960718',1);
INSERT INTO core_authrecord VALUES(164,'2021-05-30 07:09:35.196920','2021-06-05 07:09:35.196920',1);
INSERT INTO core_authrecord VALUES(165,'2021-05-30 07:12:17.041155','2021-06-05 07:12:17.041155',1);
INSERT INTO core_authrecord VALUES(167,'2021-05-30 07:19:40.186305','2021-06-05 07:19:40.186305',1);
INSERT INTO core_authrecord VALUES(168,'2021-05-30 07:23:42.275184','2021-06-05 07:23:42.275184',11);
INSERT INTO core_authrecord VALUES(169,'2021-05-30 07:24:22.673247','2021-06-05 07:24:22.673247',1);
INSERT INTO core_authrecord VALUES(170,'2021-05-30 07:24:32.237696','2021-06-05 07:24:32.237696',1);
INSERT INTO core_authrecord VALUES(171,'2021-05-30 07:25:12.166006','2021-06-05 07:25:12.166006',1);
INSERT INTO core_authrecord VALUES(172,'2021-05-30 07:28:49.276646','2021-06-05 07:28:49.276646',1);
INSERT INTO core_authrecord VALUES(173,'2021-05-30 07:43:20.988155','2021-06-05 07:43:20.988155',12);
INSERT INTO core_authrecord VALUES(174,'2021-05-30 08:10:18.266115','2021-06-05 08:10:18.266115',12);
INSERT INTO core_authrecord VALUES(175,'2021-05-30 08:26:54.292849','2021-06-05 08:26:54.292849',12);
INSERT INTO core_authrecord VALUES(176,'2021-05-30 08:35:25.511989','2021-06-05 08:35:25.511989',11);
INSERT INTO core_authrecord VALUES(177,'2021-05-30 08:37:08.580625','2021-06-05 08:37:08.580625',10);
INSERT INTO core_authrecord VALUES(182,'2021-05-31 06:34:05.836436','2021-06-06 06:34:05.836436',1);
INSERT INTO core_authrecord VALUES(186,'2021-06-01 03:07:58.764201','2021-06-07 03:07:58.764201',1);
INSERT INTO core_authrecord VALUES(189,'2021-06-01 10:29:35.056813','2021-06-07 10:29:35.056813',15);
INSERT INTO core_authrecord VALUES(190,'2021-06-01 10:42:56.222673','2021-06-07 10:42:56.222673',15);
INSERT INTO core_authrecord VALUES(191,'2021-06-01 10:51:25.186190','2021-06-07 10:51:25.186190',15);
INSERT INTO core_authrecord VALUES(192,'2021-06-01 10:52:27.041244','2021-06-07 10:52:27.041244',15);
INSERT INTO core_authrecord VALUES(193,'2021-06-01 11:17:01.961101','2021-06-07 11:17:01.961101',12);
INSERT INTO core_authrecord VALUES(194,'2021-06-01 11:20:14.788093','2021-06-07 11:20:14.788093',12);
INSERT INTO core_authrecord VALUES(196,'2021-06-01 12:28:18.895216','2021-06-07 12:28:18.895216',16);
INSERT INTO core_authrecord VALUES(197,'2021-06-01 12:30:06.145165','2021-06-07 12:30:06.145165',16);
INSERT INTO core_authrecord VALUES(198,'2021-06-01 12:33:07.090284','2021-06-07 12:33:07.090284',16);
INSERT INTO core_authrecord VALUES(199,'2021-06-01 12:36:34.956236','2021-06-07 12:36:34.956236',16);
INSERT INTO core_authrecord VALUES(200,'2021-06-01 12:40:15.722981','2021-06-07 12:40:15.722981',16);
INSERT INTO core_authrecord VALUES(201,'2021-06-01 12:59:28.034373','2021-06-07 12:59:28.034373',16);
INSERT INTO core_authrecord VALUES(202,'2021-06-01 13:52:15.473401','2021-06-07 13:52:15.473401',10);
INSERT INTO core_authrecord VALUES(203,'2021-06-01 13:53:39.857643','2021-06-07 13:53:39.857643',10);
INSERT INTO core_authrecord VALUES(204,'2021-06-01 14:01:34.927373','2021-06-07 14:01:34.927373',16);
INSERT INTO core_authrecord VALUES(205,'2021-06-01 14:03:59.698545','2021-06-07 14:03:59.698545',16);
INSERT INTO core_authrecord VALUES(206,'2021-06-01 15:10:46.819588','2021-06-07 15:10:46.819588',10);
INSERT INTO core_authrecord VALUES(210,'2021-06-02 00:49:59.391361','2021-06-08 00:49:59.391361',10);
INSERT INTO core_authrecord VALUES(211,'2021-06-02 01:26:59.360806','2021-06-08 01:26:59.360806',11);
INSERT INTO core_authrecord VALUES(212,'2021-06-02 01:47:10.916336','2021-06-08 01:47:10.916336',16);
INSERT INTO core_authrecord VALUES(213,'2021-06-02 03:09:26.685154','2021-06-08 03:09:26.685154',16);
INSERT INTO core_authrecord VALUES(214,'2021-06-02 05:26:19.531777','2021-06-08 05:26:19.531777',15);
INSERT INTO core_authrecord VALUES(215,'2021-06-02 05:29:55.800190','2021-06-08 05:29:55.800190',17);
INSERT INTO core_authrecord VALUES(216,'2021-06-02 05:32:00.873140','2021-06-08 05:32:00.873140',15);
INSERT INTO core_authrecord VALUES(217,'2021-06-02 05:36:30.628438','2021-06-08 05:36:30.628438',15);
INSERT INTO core_authrecord VALUES(219,'2021-06-02 05:48:47.521878','2021-06-08 05:48:47.521878',2);
INSERT INTO core_authrecord VALUES(221,'2021-06-02 05:50:19.853701','2021-06-08 05:50:19.853701',2);
INSERT INTO core_authrecord VALUES(222,'2021-06-02 05:53:30.973521','2021-06-08 05:53:30.973521',12);
INSERT INTO core_authrecord VALUES(224,'2021-06-02 05:56:06.932071','2021-06-08 05:56:06.932071',15);
INSERT INTO core_authrecord VALUES(225,'2021-06-02 05:56:45.150596','2021-06-08 05:56:45.150596',17);
INSERT INTO core_authrecord VALUES(226,'2021-06-02 05:59:04.081547','2021-06-08 05:59:04.081547',15);
INSERT INTO core_authrecord VALUES(227,'2021-06-02 06:01:03.173663','2021-06-08 06:01:03.173663',15);
INSERT INTO core_authrecord VALUES(228,'2021-06-02 06:03:19.565126','2021-06-08 06:03:19.565126',2);
INSERT INTO core_authrecord VALUES(230,'2021-06-02 06:26:15.218339','2021-06-08 06:26:15.218339',3);
INSERT INTO core_authrecord VALUES(231,'2021-06-02 06:28:21.449114','2021-06-08 06:28:21.449114',15);
INSERT INTO core_authrecord VALUES(232,'2021-06-02 06:28:21.716075','2021-06-08 06:28:21.716075',15);
INSERT INTO core_authrecord VALUES(233,'2021-06-02 06:28:22.110290','2021-06-08 06:28:22.110290',3);
INSERT INTO core_authrecord VALUES(234,'2021-06-02 06:31:39.562873','2021-06-08 06:31:39.562873',3);
INSERT INTO core_authrecord VALUES(235,'2021-06-02 06:35:40.839104','2021-06-08 06:35:40.839104',3);
INSERT INTO core_authrecord VALUES(236,'2021-06-02 06:35:42.627161','2021-06-08 06:35:42.627161',3);
INSERT INTO core_authrecord VALUES(237,'2021-06-02 06:37:49.538124','2021-06-08 06:37:49.538124',2);
INSERT INTO core_authrecord VALUES(238,'2021-06-02 06:37:50.604277','2021-06-08 06:37:50.604277',2);
INSERT INTO core_authrecord VALUES(239,'2021-06-02 07:02:30.947833','2021-06-08 07:02:30.947833',17);
INSERT INTO core_authrecord VALUES(240,'2021-06-02 07:02:38.312600','2021-06-08 07:02:38.312600',2);
INSERT INTO core_authrecord VALUES(241,'2021-06-02 07:02:40.185799','2021-06-08 07:02:40.185799',17);
INSERT INTO core_authrecord VALUES(242,'2021-06-02 07:02:43.328607','2021-06-08 07:02:43.328607',2);
INSERT INTO core_authrecord VALUES(243,'2021-06-02 07:03:04.361200','2021-06-08 07:03:04.361200',17);
INSERT INTO core_authrecord VALUES(244,'2021-06-02 07:03:09.769074','2021-06-08 07:03:09.769074',17);
INSERT INTO core_authrecord VALUES(245,'2021-06-02 07:03:35.968031','2021-06-08 07:03:35.968031',17);
INSERT INTO core_authrecord VALUES(246,'2021-06-02 07:03:38.719847','2021-06-08 07:03:38.719847',17);
INSERT INTO core_authrecord VALUES(247,'2021-06-02 07:03:42.660557','2021-06-08 07:03:42.660557',17);
INSERT INTO core_authrecord VALUES(248,'2021-06-02 07:03:44.888774','2021-06-08 07:03:44.888774',17);
INSERT INTO core_authrecord VALUES(249,'2021-06-02 07:04:31.616800','2021-06-08 07:04:31.616800',17);
INSERT INTO core_authrecord VALUES(250,'2021-06-02 07:04:38.778010','2021-06-08 07:04:38.778010',17);
INSERT INTO core_authrecord VALUES(251,'2021-06-02 07:04:58.328529','2021-06-08 07:04:58.328529',17);
INSERT INTO core_authrecord VALUES(252,'2021-06-02 07:05:01.151598','2021-06-08 07:05:01.151598',17);
INSERT INTO core_authrecord VALUES(253,'2021-06-02 07:05:03.209717','2021-06-08 07:05:03.209717',17);
INSERT INTO core_authrecord VALUES(254,'2021-06-02 07:05:05.471258','2021-06-08 07:05:05.471258',17);
INSERT INTO core_authrecord VALUES(255,'2021-06-02 07:14:42.473926','2021-06-08 07:14:42.473926',2);
INSERT INTO core_authrecord VALUES(256,'2021-06-02 07:14:45.773963','2021-06-08 07:14:45.773963',2);
INSERT INTO core_authrecord VALUES(257,'2021-06-02 07:27:45.085484','2021-06-08 07:27:45.085484',15);
INSERT INTO core_authrecord VALUES(258,'2021-06-02 07:27:46.900446','2021-06-08 07:27:46.900446',15);
INSERT INTO core_authrecord VALUES(259,'2021-06-02 07:28:10.937398','2021-06-08 07:28:10.937398',15);
INSERT INTO core_authrecord VALUES(260,'2021-06-02 07:28:13.541731','2021-06-08 07:28:13.541731',15);
INSERT INTO core_authrecord VALUES(261,'2021-06-02 07:28:15.780259','2021-06-08 07:28:15.780259',15);
INSERT INTO core_authrecord VALUES(262,'2021-06-02 07:34:06.639642','2021-06-08 07:34:06.639642',2);
INSERT INTO core_authrecord VALUES(263,'2021-06-02 07:34:08.835315','2021-06-08 07:34:08.835315',2);
INSERT INTO core_authrecord VALUES(264,'2021-06-02 07:35:15.979888','2021-06-08 07:35:15.979888',12);
INSERT INTO core_authrecord VALUES(265,'2021-06-02 07:35:17.941567','2021-06-08 07:35:17.941567',12);
INSERT INTO core_authrecord VALUES(266,'2021-06-02 07:50:12.750291','2021-06-08 07:50:12.750291',15);
INSERT INTO core_authrecord VALUES(267,'2021-06-02 07:50:31.476768','2021-06-08 07:50:31.476768',15);
INSERT INTO core_authrecord VALUES(268,'2021-06-02 07:51:07.467957','2021-06-08 07:51:07.467957',3);
INSERT INTO core_authrecord VALUES(269,'2021-06-02 07:58:52.152534','2021-06-08 07:58:52.152534',12);
INSERT INTO core_authrecord VALUES(270,'2021-06-02 08:00:55.505720','2021-06-08 08:00:55.505720',2);
INSERT INTO core_authrecord VALUES(271,'2021-06-02 08:02:10.520763','2021-06-08 08:02:10.520763',17);
INSERT INTO core_authrecord VALUES(272,'2021-06-02 08:02:15.293371','2021-06-08 08:02:15.293371',17);
INSERT INTO core_authrecord VALUES(273,'2021-06-02 08:02:37.045349','2021-06-08 08:02:37.045349',17);
INSERT INTO core_authrecord VALUES(274,'2021-06-02 08:45:31.113572','2021-06-08 08:45:31.113572',3);
INSERT INTO core_authrecord VALUES(275,'2021-06-02 08:47:14.966836','2021-06-08 08:47:14.966836',3);
INSERT INTO core_authrecord VALUES(276,'2021-06-02 08:48:22.556438','2021-06-08 08:48:22.556438',3);
INSERT INTO core_authrecord VALUES(277,'2021-06-02 08:49:54.553894','2021-06-08 08:49:54.553894',15);
INSERT INTO core_authrecord VALUES(278,'2021-06-02 08:50:01.139946','2021-06-08 08:50:01.139946',15);
INSERT INTO core_authrecord VALUES(279,'2021-06-02 09:52:32.412277','2021-06-08 09:52:32.412277',2);
INSERT INTO core_authrecord VALUES(280,'2021-06-02 09:53:33.744409','2021-06-08 09:53:33.744409',12);
INSERT INTO core_authrecord VALUES(281,'2021-06-02 09:53:35.518342','2021-06-08 09:53:35.518342',12);
INSERT INTO core_authrecord VALUES(282,'2021-06-02 09:53:37.875600','2021-06-08 09:53:37.875600',12);
INSERT INTO core_authrecord VALUES(283,'2021-06-04 08:39:53.040434','2021-06-10 08:39:53.040434',18);
INSERT INTO core_authrecord VALUES(284,'2021-06-04 08:42:28.828645','2021-06-10 08:42:28.828645',18);
INSERT INTO core_authrecord VALUES(285,'2021-06-04 08:49:06.994787','2021-06-10 08:49:06.994787',18);
INSERT INTO core_authrecord VALUES(286,'2021-06-04 08:50:45.005437','2021-06-10 08:50:45.005437',6);
INSERT INTO core_authrecord VALUES(287,'2021-06-04 08:51:27.365246','2021-06-10 08:51:27.365246',16);
INSERT INTO core_authrecord VALUES(288,'2021-06-04 13:31:53.776258','2021-06-10 13:31:53.776258',2);
INSERT INTO core_authrecord VALUES(289,'2021-06-04 16:01:21.318422','2021-06-10 16:01:21.318422',6);
INSERT INTO core_authrecord VALUES(290,'2021-06-04 16:21:58.139267','2021-06-10 16:21:58.139267',16);
INSERT INTO core_authrecord VALUES(291,'2021-06-04 16:22:13.549299','2021-06-10 16:22:13.549299',6);
INSERT INTO core_authrecord VALUES(292,'2021-06-04 16:22:24.834308','2021-06-10 16:22:24.834308',6);
INSERT INTO core_authrecord VALUES(293,'2021-06-04 16:23:46.452044','2021-06-10 16:23:46.452044',16);
CREATE TABLE IF NOT EXISTS `core_user_favorites` (`id` integer NOT NULL PRIMARY KEY auto_increment, `user_id` integer NOT NULL REFERENCES `core_user` (`id`) DEFERRABLE INITIALLY DEFERRED, `papmodel_id` integer NOT NULL REFERENCES `core_papmodel` (`id`) DEFERRABLE INITIALLY DEFERRED);
CREATE TABLE IF NOT EXISTS `core_user_followers` (`id` integer NOT NULL PRIMARY KEY auto_increment, `from_user_id` integer NOT NULL REFERENCES `core_user` (`id`) DEFERRABLE INITIALLY DEFERRED, `to_user_id` integer NOT NULL REFERENCES `core_user` (`id`) DEFERRABLE INITIALLY DEFERRED);
INSERT INTO core_user_followers VALUES(6,3,5);
INSERT INTO core_user_followers VALUES(7,6,5);
INSERT INTO core_user_followers VALUES(10,5,6);
INSERT INTO core_user_followers VALUES(11,5,3);
INSERT INTO core_user_followers VALUES(12,5,4);
INSERT INTO core_user_followers VALUES(13,5,2);
INSERT INTO core_user_followers VALUES(14,4,6);
INSERT INTO core_user_followers VALUES(16,6,3);
INSERT INTO core_user_followers VALUES(17,3,2);
INSERT INTO core_user_followers VALUES(18,10,5);
INSERT INTO core_user_followers VALUES(20,11,1);
INSERT INTO core_user_followers VALUES(22,11,3);
INSERT INTO core_user_followers VALUES(23,11,9);
INSERT INTO core_user_followers VALUES(24,11,2);
INSERT INTO core_user_followers VALUES(25,12,10);
INSERT INTO core_user_followers VALUES(26,11,10);
INSERT INTO core_user_followers VALUES(27,10,11);
CREATE TABLE IF NOT EXISTS `core_user_groups` (`id` integer NOT NULL PRIMARY KEY auto_increment, `user_id` integer NOT NULL REFERENCES `core_user` (`id`) DEFERRABLE INITIALLY DEFERRED, `group_id` integer NOT NULL REFERENCES `auth_group` (`id`) DEFERRABLE INITIALLY DEFERRED);
CREATE TABLE IF NOT EXISTS `core_user_user_permissions` (`id` integer NOT NULL PRIMARY KEY auto_increment, `user_id` integer NOT NULL REFERENCES `core_user` (`id`) DEFERRABLE INITIALLY DEFERRED, `permission_id` integer NOT NULL REFERENCES `auth_permission` (`id`) DEFERRABLE INITIALLY DEFERRED);
CREATE TABLE IF NOT EXISTS `core_updating` (`id` integer NOT NULL PRIMARY KEY auto_increment, `updating_type` integer NOT NULL, `paper_id` integer NOT NULL REFERENCES `core_paper` (`id`) DEFERRABLE INITIALLY DEFERRED, `user_id` integer NOT NULL REFERENCES `core_user` (`id`) DEFERRABLE INITIALLY DEFERRED, `interpretation_id` integer NOT NULL REFERENCES `core_interpretation` (`papmodel_ptr_id`) DEFERRABLE INITIALLY DEFERRED, `notation_id` integer NOT NULL REFERENCES `core_notation` (`papmodel_ptr_id`) DEFERRABLE INITIALLY DEFERRED);
CREATE TABLE IF NOT EXISTS `core_comment` (`id` integer NOT NULL PRIMARY KEY auto_increment, `created_at` datetime NOT NULL, `text` varchar(200) NOT NULL, `parent_comment_id` integer NULL REFERENCES `core_comment` (`id`) DEFERRABLE INITIALLY DEFERRED, `to_user_id` integer NULL REFERENCES `core_user` (`id`) DEFERRABLE INITIALLY DEFERRED, `user_id` integer NOT NULL REFERENCES `core_user` (`id`) DEFERRABLE INITIALLY DEFERRED, `interpretation_id` integer NOT NULL REFERENCES `core_interpretation` (`papmodel_ptr_id`) DEFERRABLE INITIALLY DEFERRED);
INSERT INTO core_comment VALUES(30,'2021-05-30 08:11:16.908883','t123yh nb!',NULL,NULL,12,48);
INSERT INTO core_comment VALUES(35,'2021-06-01 10:33:25.171782','咦，怎么爆炸了',NULL,NULL,15,48);
INSERT INTO core_comment VALUES(37,'2021-06-01 10:34:01.079858','长的不行啊你们，田佬NBNBNBNBNBNBNBNBNBNBNBNBNBNBNBNBNBNBNBNBNBNBNBNBNBNBNBNBNBNBNBNBNBNBNBNBNBNBNBNBNBNBNBNBNBNBNBNBNBNBNBNBNBNBNBNBNBNBNBNBNBNBNBNBNBNBNBNBNBNBNBNBNBNBNBNBNBNBNBNBNBNBNBNBNBNBNBNBNBNBNBNBNBNBNBNBNBNBNBNBNBNBNBNBNBNBNBNBNBNBNBNBNBNBNBNBNBNBNBNBNB',NULL,NULL,15,48);
INSERT INTO core_comment VALUES(38,'2021-06-01 10:45:13.535178','123',NULL,NULL,15,48);
INSERT INTO core_comment VALUES(39,'2021-06-01 10:45:15.529627','123',NULL,NULL,15,48);
INSERT INTO core_comment VALUES(40,'2021-06-01 10:45:17.490744','123',NULL,NULL,15,48);
INSERT INTO core_comment VALUES(41,'2021-06-01 10:45:18.795014','123',NULL,NULL,15,48);
INSERT INTO core_comment VALUES(42,'2021-06-01 10:45:19.974677','123',NULL,NULL,15,48);
INSERT INTO core_comment VALUES(43,'2021-06-01 10:47:42.748003','我是不是进入了不该进入的地方',NULL,NULL,15,9);
INSERT INTO core_comment VALUES(44,'2021-06-01 11:29:16.331622','评论+1+1+1',NULL,NULL,12,48);
INSERT INTO core_comment VALUES(51,'2021-06-02 06:06:15.415206','热',43,15,3,9);
INSERT INTO core_comment VALUES(52,'2021-06-02 06:06:20.756374','热！！',43,3,3,9);
CREATE TABLE IF NOT EXISTS `django_admin_log` (`id` integer NOT NULL PRIMARY KEY auto_increment, `action_time` datetime NOT NULL, `object_id` text NULL, `object_repr` varchar(200) NOT NULL, `change_message` text NOT NULL, `content_type_id` integer NULL REFERENCES `django_content_type` (`id`) DEFERRABLE INITIALLY DEFERRED, `user_id` integer NOT NULL REFERENCES `core_user` (`id`) DEFERRABLE INITIALLY DEFERRED, `action_flag` smallint unsigned NOT NULL CHECK (`action_flag` >= 0));
CREATE TABLE IF NOT EXISTS `django_session` (`session_key` varchar(40) NOT NULL PRIMARY KEY, `session_data` text NOT NULL, `expire_date` datetime NOT NULL);
CREATE UNIQUE INDEX `django_content_type_app_label_model_76bd3d3b_uniq` ON `django_content_type` (`app_label`, `model`);
CREATE UNIQUE INDEX `auth_group_permissions_group_id_permission_id_0cd325b0_uniq` ON `auth_group_permissions` (`group_id`, `permission_id`);
CREATE INDEX `auth_group_permissions_group_id_b120cbf9` ON `auth_group_permissions` (`group_id`);
CREATE INDEX `auth_group_permissions_permission_id_84c5c92e` ON `auth_group_permissions` (`permission_id`);
CREATE UNIQUE INDEX `auth_permission_content_type_id_codename_01ab375a_uniq` ON `auth_permission` (`content_type_id`, `codename`);
CREATE INDEX `auth_permission_content_type_id_2f476e4b` ON `auth_permission` (`content_type_id`);
CREATE UNIQUE INDEX `core_paper_authors_paper_id_user_id_2a9ff7e8_uniq` ON `core_paper_authors` (`paper_id`, `user_id`);
CREATE INDEX `core_paper_authors_paper_id_f07ec338` ON `core_paper_authors` (`paper_id`);
CREATE INDEX `core_paper_authors_user_id_a4689301` ON `core_paper_authors` (`user_id`);
CREATE INDEX `core_papmodel_created_by_id_0a8f39c4` ON `core_papmodel` (`created_by_id`);
CREATE UNIQUE INDEX `core_papmodel_collectors_papmodel_id_user_id_fc63c807_uniq` ON `core_papmodel_collectors` (`papmodel_id`, `user_id`);
CREATE INDEX `core_papmodel_collectors_papmodel_id_a0b5d5cb` ON `core_papmodel_collectors` (`papmodel_id`);
CREATE INDEX `core_papmodel_collectors_user_id_14e42bf1` ON `core_papmodel_collectors` (`user_id`);
CREATE UNIQUE INDEX `core_papmodel_forwarders_papmodel_id_user_id_10273692_uniq` ON `core_papmodel_forwarders` (`papmodel_id`, `user_id`);
CREATE INDEX `core_papmodel_forwarders_papmodel_id_6c9955ac` ON `core_papmodel_forwarders` (`papmodel_id`);
CREATE INDEX `core_papmodel_forwarders_user_id_41570ba4` ON `core_papmodel_forwarders` (`user_id`);
CREATE UNIQUE INDEX `core_papmodel_likers_papmodel_id_user_id_1a9111b4_uniq` ON `core_papmodel_likers` (`papmodel_id`, `user_id`);
CREATE INDEX `core_papmodel_likers_papmodel_id_b64e5a89` ON `core_papmodel_likers` (`papmodel_id`);
CREATE INDEX `core_papmodel_likers_user_id_59bd6e31` ON `core_papmodel_likers` (`user_id`);
CREATE UNIQUE INDEX `core_interpretation_tags_interpretation_id_tag_id_8c371b91_uniq` ON `core_interpretation_tags` (`interpretation_id`, `tag_id`);
CREATE INDEX `core_interpretation_tags_interpretation_id_2a7ffd2d` ON `core_interpretation_tags` (`interpretation_id`);
CREATE INDEX `core_interpretation_tags_tag_id_6b02458c` ON `core_interpretation_tags` (`tag_id`);
CREATE INDEX `core_topic_created_by_id_d72866e4` ON `core_topic` (`created_by_id`);
CREATE INDEX `core_notification_from_user_id_49f31e00` ON `core_notification` (`from_user_id`);
CREATE INDEX `core_notification_pap_model_id_b10f5b1b` ON `core_notification` (`pap_model_id`);
CREATE INDEX `core_notification_to_user_id_04c4932a` ON `core_notification` (`to_user_id`);
CREATE INDEX `core_message_from_user_id_0692580a` ON `core_message` (`from_user_id`);
CREATE INDEX `core_message_to_user_id_b8c67874` ON `core_message` (`to_user_id`);
CREATE INDEX `core_image_created_by_id_3cd01d7e` ON `core_image` (`created_by_id`);
CREATE INDEX `core_chatroom_owner_id_b3f791c7` ON `core_chatroom` (`owner_id`);
CREATE INDEX `core_chatroom_to_user_id_64fc9662` ON `core_chatroom` (`to_user_id`);
CREATE UNIQUE INDEX `core_chatroom_message_chatroom_id_message_id_60a8ff03_uniq` ON `core_chatroom_message` (`chatroom_id`, `message_id`);
CREATE INDEX `core_chatroom_message_chatroom_id_ea2d1a15` ON `core_chatroom_message` (`chatroom_id`);
CREATE INDEX `core_chatroom_message_message_id_cb5ee97d` ON `core_chatroom_message` (`message_id`);
CREATE INDEX `core_authrecord2_user_id_41cae5ba` ON `core_authrecord2` (`user_id`);
CREATE INDEX `core_authrecord_user_id_292a66b1` ON `core_authrecord` (`user_id`);
CREATE UNIQUE INDEX `core_user_favorites_user_id_papmodel_id_74890bd6_uniq` ON `core_user_favorites` (`user_id`, `papmodel_id`);
CREATE INDEX `core_user_favorites_user_id_bc9e0c89` ON `core_user_favorites` (`user_id`);
CREATE INDEX `core_user_favorites_papmodel_id_e920c071` ON `core_user_favorites` (`papmodel_id`);
CREATE UNIQUE INDEX `core_user_followers_from_user_id_to_user_id_d7237d71_uniq` ON `core_user_followers` (`from_user_id`, `to_user_id`);
CREATE INDEX `core_user_followers_from_user_id_72a22410` ON `core_user_followers` (`from_user_id`);
CREATE INDEX `core_user_followers_to_user_id_b212b292` ON `core_user_followers` (`to_user_id`);
CREATE UNIQUE INDEX `core_user_groups_user_id_group_id_c82fcad1_uniq` ON `core_user_groups` (`user_id`, `group_id`);
CREATE INDEX `core_user_groups_user_id_70b4d9b8` ON `core_user_groups` (`user_id`);
CREATE INDEX `core_user_groups_group_id_fe8c697f` ON `core_user_groups` (`group_id`);
CREATE UNIQUE INDEX `core_user_user_permissions_user_id_permission_id_73ea0daa_uniq` ON `core_user_user_permissions` (`user_id`, `permission_id`);
CREATE INDEX `core_user_user_permissions_user_id_085123d3` ON `core_user_user_permissions` (`user_id`);
CREATE INDEX `core_user_user_permissions_permission_id_35ccf601` ON `core_user_user_permissions` (`permission_id`);
CREATE INDEX `core_updating_paper_id_61d79dde` ON `core_updating` (`paper_id`);
CREATE INDEX `core_updating_user_id_9131436e` ON `core_updating` (`user_id`);
CREATE INDEX `core_updating_interpretation_id_2576c0e5` ON `core_updating` (`interpretation_id`);
CREATE INDEX `core_updating_notation_id_9b1b45b5` ON `core_updating` (`notation_id`);
CREATE INDEX `core_comment_parent_comment_id_592d5cda` ON `core_comment` (`parent_comment_id`);
CREATE INDEX `core_comment_to_user_id_98bb0464` ON `core_comment` (`to_user_id`);
CREATE INDEX `core_comment_user_id_a9a9430c` ON `core_comment` (`user_id`);
CREATE INDEX `core_comment_interpretation_id_c48ffd5f` ON `core_comment` (`interpretation_id`);
CREATE INDEX `django_admin_log_content_type_id_c4bce8eb` ON `django_admin_log` (`content_type_id`);
CREATE INDEX `django_admin_log_user_id_c564eba6` ON `django_admin_log` (`user_id`);
CREATE INDEX `django_session_expire_date_a5c62663` ON `django_session` (`expire_date`);